<?xml version="1.0" encoding="UTF-8"?>
<project-private xmlns="http://www.netbeans.org/ns/project-private/1">
    <editor-bookmarks xmlns="http://www.netbeans.org/ns/editor-bookmarks/2" lastBookmarkId="0"/>
    <open-files xmlns="http://www.netbeans.org/ns/projectui-open-files/2">
        <group>
            <file>file:/C:/Users/clem-/Documents/projet%20Java/ProjetJava-FrozenOrso-patch-2/ProjetJava-FrozenOrso-patch-2/Abyss/src/abyss/PileCartes.java</file>
            <file>file:/C:/Users/clem-/Documents/projet%20Java/ProjetJava-FrozenOrso-patch-2/ProjetJava-FrozenOrso-patch-2/Abyss/src/abyss/Cartes.java</file>
            <file>file:/C:/Users/clem-/Documents/projet%20Java/ProjetJava-FrozenOrso-patch-2/ProjetJava-FrozenOrso-patch-2/Abyss/src/abyss/Partie.java</file>
            <file>file:/C:/Users/clem-/Documents/projet%20Java/ProjetJava-FrozenOrso-patch-2/ProjetJava-FrozenOrso-patch-2/Abyss/src/abyss/PileSeigneur.java</file>
            <file>file:/C:/Users/clem-/Documents/projet%20Java/ProjetJava-FrozenOrso-patch-2/ProjetJava-FrozenOrso-patch-2/Abyss/src/abyss/Plateau.java</file>
            <file>file:/C:/Users/clem-/Documents/projet%20Java/ProjetJava-FrozenOrso-patch-2/ProjetJava-FrozenOrso-patch-2/Abyss/src/abyss/PileLieu.java</file>
            <file>file:/C:/Users/clem-/Documents/projet%20Java/ProjetJava-FrozenOrso-patch-2/ProjetJava-FrozenOrso-patch-2/Abyss/src/abyss/ListeJoueurs.java</file>
            <file>file:/C:/Users/clem-/Documents/projet%20Java/ProjetJava-FrozenOrso-patch-2/ProjetJava-FrozenOrso-patch-2/Abyss/src/abyss/Joueur.java</file>
            <file>file:/C:/Users/clem-/Documents/projet%20Java/ProjetJava-FrozenOrso-patch-2/ProjetJava-FrozenOrso-patch-2/Abyss/src/abyss/Lieu.java</file>
            <file>file:/C:/Users/clem-/Documents/projet%20Java/ProjetJava-FrozenOrso-patch-2/ProjetJava-FrozenOrso-patch-2/Abyss/src/abyss/Abyss.java</file>
            <file>file:/C:/Users/clem-/Documents/projet%20Java/ProjetJava-FrozenOrso-patch-2/ProjetJava-FrozenOrso-patch-2/Abyss/src/abyss/Conseil.java</file>
        </group>
    </open-files>
</project-private>
