<?xml version="1.0" encoding="UTF-8"?>
<project-private xmlns="http://www.netbeans.org/ns/project-private/1">
    <editor-bookmarks xmlns="http://www.netbeans.org/ns/editor-bookmarks/2" lastBookmarkId="0"/>
    <open-files xmlns="http://www.netbeans.org/ns/projectui-open-files/2">
        <group>
            <file>file:/C:/Users/Vincent/Desktop/PROJEEEEEEEET/Code/Abyss/src/abyss/Abyss.java</file>
            <file>file:/C:/Users/Vincent/Desktop/PROJEEEEEEEET/Code/Abyss/src/abyss/Lieu.java</file>
            <file>file:/C:/Users/Vincent/Desktop/PROJEEEEEEEET/Code/Abyss/src/abyss/Joueur.java</file>
            <file>file:/C:/Users/Vincent/Desktop/PROJEEEEEEEET/Code/Abyss/src/abyss/Plateau.java</file>
            <file>file:/C:/Users/Vincent/Desktop/PROJEEEEEEEET/Code/Abyss/src/abyss/Seigneur.java</file>
            <file>file:/C:/Users/Vincent/Desktop/PROJEEEEEEEET/Code/Abyss/src/abyss/Cartes.java</file>
            <file>file:/C:/Users/Vincent/Desktop/PROJEEEEEEEET/Code/Abyss/src/abyss/Partie.java</file>
        </group>
    </open-files>
</project-private>
